﻿{
    "$schema": "https://schema.management.azure.com/schemas/2015-01-01/deploymentParameters.json#",
    "contentVersion": "1.0.0.0",
  "parameters": {
    "adminPassword": {
      "value": "Pa$$w0rd"
    },
    "adminUsername": {
      "value": "Student"
    },
    "resourceGroupName": {
      "value": "ResDevRG"
    },
    "subnetName": {
      "value": "App"
    },
    "virtualNetworkName": {
      "value": "HQ-VNET"
    },
    "vmName": {
      "value": "ResDevApp2"
    }
  }
}