﻿{
  "$schema": "https://schema.management.azure.com/schemas/2015-01-01/deploymentTemplate.json#",
  "contentVersion": "1.0.0.0",
  "parameters": {
    "vmName": {
      "type": "string",
      "metadata": {
        "description": "VM name."
      }
    },
    "adminUsername": {
      "type": "string",
      "metadata": {
        "description": "VM Admin user name."
      }
    },
    "adminPassword": {
      "type": "securestring",
      "metadata": {
        "description": "VM Admin user password."
      }
    },
    "virtualNetworkName": {
      "type": "string",
      "metadata": {
        "description": "VNet name."
      }
    },
    "resourceGroupName": {
      "type": "string",
      "defaultValue": "ResDevRG",
      "metadata": {
        "description": "Resource Group name."
      }
    },
    "subnetName": {
      "type": "string",
      "metadata": {
        "description": "Subnet Name"
      }
    },
    "vmSize": {
      "type": "string",
      "defaultValue": "Standard_D1",
      "metadata": {
        "description": "VM size"
      }
    },
    "ubuntuOSVersion": {
      "type": "string",
      "defaultValue": "14.04.5-LTS",
      "allowedValues": [
        "12.04.5-LTS",
        "14.04.5-LTS",
        "15.10"
      ],
      "metadata": {
        "description": "The Ubuntu version for the VM. This will pick a fully patched image of this given Ubuntu version. Allowed values: 12.04.5-LTS, 14.04.2-LTS, 15.10."
      }
    },
      "storageAccountType": {
          "type": "string",
          "defaultValue": "Standard_LRS",
          "allowedValues": [
              "Standard_LRS",
              "Standard_GRS"
          ]
      }
  },
  "variables": {
    "apiVersion": "2015-06-15",
    "imageOffer": "UbuntuServer",
    "imagePublisher": "Canonical",
    "nicName": "[concat('nic', tolower(parameters('vmName')))]",
    "publicIPAddressName": "[concat('publicip', tolower(parameters('vmName')))]",
    "publicIPAddressType": "Dynamic",
    "subnetRef": "[concat(variables('vnetID'),'/subnets/',parameters('subnetName'))]",
    "vmStorageAccountContainerName": "vhds",
    "vnetID": "[resourceId(parameters('resourceGroupName'), 'Microsoft.Network/virtualNetworks',parameters('virtualNetworkName'))]",
    "storageAccountName": "[concat(tolower(parameters('vmName')), uniqueString(resourceGroup().id))]"
  },
  "resources": [
    {
      "name": "[variables('storageAccountName')]",
      "type": "Microsoft.Storage/storageAccounts",
      "location": "[resourceGroup().location]",
      "apiVersion": "2015-06-15",
      "properties": {
        "accountType": "[parameters('storageAccountType')]"
      }
    },
    {
      "apiVersion": "2015-06-15",
      "type": "Microsoft.Network/publicIPAddresses",
      "name": "[variables('publicIPAddressName')]",
      "location": "[resourceGroup().location]",
      "properties": {
        "publicIPAllocationMethod": "[variables('publicIPAddressType')]",
        "dnsSettings": {
          "domainNameLabel": "[concat(tolower(parameters('vmName')), uniqueString(resourceGroup().id))]"
        }
      }
    },
    {
      "apiVersion": "2015-06-15",
      "type": "Microsoft.Network/networkInterfaces",
      "name": "[variables('nicName')]",
      "location": "[resourceGroup().location]",
      "dependsOn": [
        "[concat('Microsoft.Network/publicIPAddresses/', variables('publicIPAddressName'))]"
      ],
      "properties": {
        "ipConfigurations": [
          {
            "name": "ipconfig1",
            "properties": {
              "privateIPAllocationMethod": "Dynamic",
              "publicIPAddress": {
                "id": "[resourceId('Microsoft.Network/publicIPAddresses',variables('publicIPAddressName'))]"
              },
              "subnet": {
                "id": "[variables('subnetRef')]"
              }
            }
          }
        ]
      }
    },
    {
      "apiVersion": "2015-06-15",
      "dependsOn": [
        "[concat('Microsoft.Storage/storageAccounts/', variables('storageAccountName'))]",
        "[concat('Microsoft.Network/networkInterfaces/', variables('nicName'))]"
      ],
      "location": "[resourceGroup().location]",
      "name": "[parameters('vmName')]",
      "properties": {
        "hardwareProfile": {
          "vmSize": "[parameters('vmSize')]"
        },
        "osProfile": {
          "computerName": "[parameters('vmName')]",
          "adminUsername": "[parameters('adminUsername')]",
          "adminPassword": "[parameters('adminPassword')]"
        },
        "storageProfile": {
          "imageReference": {
            "publisher": "[variables('imagePublisher')]",
            "offer": "[variables('imageOffer')]",
            "sku": "[parameters('ubuntuOSVersion')]",
            "version": "latest"
          },
          "osDisk": {
            "name": "osdisk",
            "vhd": {
              "uri": "[concat('http://',variables('storageAccountName'),'.blob.core.windows.net/vhds/','osdisk.vhd')]"
            },
            "caching": "ReadWrite",
            "createOption": "FromImage"
          }
        },
        "networkProfile": {
          "networkInterfaces": [
            {
              "id": "[resourceId('Microsoft.Network/networkInterfaces',variables('nicName'))]"
            }
          ]
        },
        "diagnosticsProfile": {
          "bootDiagnostics": {
            "enabled": "true",
            "storageUri": "[concat('http://', variables('storageAccountName'),'.blob.core.windows.net')]"
          }
        }
      },
      "type": "Microsoft.Compute/virtualMachines"
    }
  ]
}
