<NetworkConfiguration xmlns:xsd="http://www.w3.org/2001/XMLSchema" xmlns:xsi="http://www.w3.org/2001/XMLSchema-instance" xmlns="http://schemas.microsoft.com/ServiceHosting/2011/07/NetworkConfiguration">
  <VirtualNetworkConfiguration>
    <Dns>
      <DnsServers>
        <DnsServer name="ADATUM-DNS" IPAddress="10.0.1.4" />
      </DnsServers>
    </Dns>
    <VirtualNetworkSites>
      <VirtualNetworkSite name="ADATUM-HQ-VNET" Location="North Europe">
        <AddressSpace>
          <AddressPrefix>10.0.1.0/24</AddressPrefix>
        </AddressSpace>
        <Subnets>
          <Subnet name="Subnet-1">
            <AddressPrefix>10.0.1.0/25</AddressPrefix>
          </Subnet>
        </Subnets>
        <DnsServersRef>
          <DnsServerRef name="ADATUM-DNS" />
        </DnsServersRef>
      </VirtualNetworkSite>
    <VirtualNetworkSite name="ADATUM-BRANCH-VNET" Location="West Europe">
        <AddressSpace>
          <AddressPrefix>10.0.2.0/24</AddressPrefix>
        </AddressSpace>
        <Subnets>
          <Subnet name="Subnet-1">
            <AddressPrefix>10.0.2.0/25</AddressPrefix>
          </Subnet>
        </Subnets>
        <DnsServersRef>
          <DnsServerRef name="ADATUM-DNS" />
        </DnsServersRef>
      </VirtualNetworkSite></VirtualNetworkSites>
  </VirtualNetworkConfiguration>
</NetworkConfiguration>