{
  "itemDisplayName": "Deploy a Windows VM and configures WinRM https listener",
  "description": "This template allows you to deploy a simple Windows VM using a few different options for the Windows version. This will then configure a WinRM https listener. User need to provide the value of parameter 'hostNameScriptArgument' which is the fqdn of the VM. Example: testvm.westus.cloupdapp.azure.com or *.westus.cloupdapp.azure.com",
  "summary": "This template takes a minimum amount of parameters and deploys a Windows VM and configures the WinRM https listener",
  "githubUsername": "pavanadepu2",
  "dateUpdated": "2015-12-18"
}

